id;кластер;запрос;класс_частотности;частота_wordstat;уверенность;источник;интент;этап_воронки;целевая_страница;статус_страницы;приоритет;примечание
1;Главная;карточки для запоминания;ВЧ;4356;факт;Wordstat из docs/09-homepage.md;коммерческий;BOFU;/;существует;P0;Основной запрос главной
2;Главная;флеш карточки;ВЧ;2595;факт;Wordstat из docs/09-homepage.md;смешанный;MOFU;/;существует;P0;Вариант написания без дефиса
3;Главная;карточки для учебы;СЧ;793;факт;Wordstat из docs/09-homepage.md;коммерческий;BOFU;/;существует;P0;Студенческий сценарий
4;Главная;карточки для запоминания онлайн;СЧ;;оценка;Яндекс Suggest 02.10.2026;коммерческий;BOFU;/;существует;P0;Онлайн-модификатор
5;Главная;флеш карточки онлайн;СЧ;;оценка;Яндекс Suggest 02.10.2026;коммерческий;BOFU;/;существует;P0;Не создавать отдельный дубль
6;Главная;флеш карточки бесплатно;СЧ;;оценка;Яндекс Suggest 02.10.2026;коммерческий;BOFU;/;существует;P0;Подтверждать бесплатность конкретными режимами
7;Главная;флеш карточки для запоминания;СЧ;;оценка;Яндекс Suggest 02.10.2026;смешанный;MOFU;/;существует;P0;Синоним главного кластера
8;Главная;учебные карточки онлайн;НЧ;;оценка;Яндекс Suggest 02.10.2026;коммерческий;BOFU;/;существует;P1;Синоним
9;Главная;карточки для запоминания приложение;СЧ;;оценка;Яндекс Suggest 02.10.2026;коммерческий;BOFU;/;существует;P1;Раскрыть web и мобильный сценарий честно
10;Главная;приложение для карточек для запоминания;НЧ;;оценка;Яндекс Suggest 02.10.2026;коммерческий;BOFU;/;существует;P1;Не смешивать с банковскими картами
11;Главная;карточки для запоминания бесплатно;НЧ;;оценка;экспертная группировка;коммерческий;BOFU;/;существует;P1;Вариация бесплатного доступа
12;Главная;онлайн карточки для учебы;НЧ;;оценка;экспертная группировка;коммерческий;BOFU;/;существует;P2;Дополнительная формулировка
13;Создание карточек;создать карточки для запоминания;СЧ;272;факт;Wordstat из docs/09-homepage.md;транзакционный;BOFU;/sozdat-kartochki;запланирована;P0;Основной запрос посадочной
14;Создание карточек;создать карточки для запоминания онлайн;СЧ;;оценка;Яндекс Suggest 02.10.2026;транзакционный;BOFU;/sozdat-kartochki;запланирована;P0;Сильный интент инструмента
15;Создание карточек;создать карточки для запоминания онлайн бесплатно;СЧ;;оценка;Яндекс Suggest 02.10.2026;транзакционный;BOFU;/sozdat-kartochki;запланирована;P0;Нужен быстрый вход в редактор
16;Создание карточек;флеш карточки создать;СЧ;;оценка;Яндекс Suggest 02.10.2026;транзакционный;BOFU;/sozdat-kartochki;запланирована;P0;Вариант порядка слов
17;Создание карточек;создать свои карточки для запоминания;НЧ;;оценка;Яндекс Suggest 02.10.2026;транзакционный;BOFU;/sozdat-kartochki;запланирована;P1;Подчеркнуть собственный материал
18;Создание карточек;создание карточек для запоминания онлайн;НЧ;;оценка;Яндекс Suggest 02.10.2026;транзакционный;BOFU;/sozdat-kartochki;запланирована;P1;Синоним
19;Создание карточек;создать карточки для учебы;НЧ;;оценка;Яндекс Suggest 02.10.2026;транзакционный;BOFU;/sozdat-kartochki;запланирована;P1;Учебный модификатор
20;Создание карточек;сделать карточки для учебы бесплатно;НЧ;;оценка;Яндекс Suggest 02.10.2026;транзакционный;BOFU;/sozdat-kartochki;запланирована;P1;Проверить ограничения тарифа
21;Создание карточек;конструктор карточек для запоминания;НЧ;;оценка;анализ выдачи 02.10.2026;транзакционный;BOFU;/sozdat-kartochki;запланирована;P1;В выдаче есть Canva и Visme
22;Создание карточек;сервис для создания учебных карточек;НЧ;;оценка;экспертная группировка;коммерческий;BOFU;/sozdat-kartochki;запланирована;P2;B2C-сценарий
23;Создание карточек;как сделать флеш карточки онлайн;НЧ;;оценка;экспертная группировка;смешанный;MOFU;/sozdat-kartochki;запланирована;P1;Посадочная должна содержать инструкцию
24;Создание карточек;карточки вопрос ответ онлайн;НЧ;;оценка;экспертная группировка;коммерческий;BOFU;/sozdat-kartochki;запланирована;P2;Выдача шумная — проверить Wordstat
25;Карточки из конспекта;карточки из конспекта;НЧ;;оценка;экспертная группировка;коммерческий;BOFU;/kartochki-iz-konspekta;запланирована;P0;Только ручной и агентский сценарий
26;Карточки из конспекта;сделать карточки из конспекта;НЧ;;оценка;экспертная группировка;транзакционный;BOFU;/kartochki-iz-konspekta;запланирована;P0;Не обещать встроенную генерацию
27;Карточки из конспекта;как превратить конспект в карточки;НЧ;;оценка;экспертная группировка;информационный;MOFU;/kartochki-iz-konspekta;запланирована;P1;Пошаговый блок на посадочной
28;Карточки из конспекта;карточки из лекции;НЧ;;оценка;экспертная группировка;коммерческий;BOFU;/kartochki-iz-konspekta;запланирована;P1;Студенческий язык
29;Карточки из конспекта;вопросы по конспекту для запоминания;НЧ;;оценка;экспертная группировка;информационный;MOFU;/kartochki-iz-konspekta;запланирована;P2;Связать с опубликованной статьёй
30;Карточки для студентов;карточки для студентов;СЧ;;оценка;экспертная группировка;коммерческий;BOFU;/kartochki-dlya-studentov;запланирована;P0;Широкая аудитория Remora
31;Карточки для студентов;учебные карточки студентов;НЧ;;оценка;Яндекс Suggest 02.10.2026;смешанный;MOFU;/kartochki-dlya-studentov;запланирована;P1;Формулировка из подсказок
32;Карточки для студентов;приложение для учебы с карточками;НЧ;;оценка;экспертная группировка;коммерческий;BOFU;/kartochki-dlya-studentov;запланирована;P1;Показать курсы и режимы
33;Карточки для студентов;сервис для запоминания учебного материала;НЧ;;оценка;экспертная группировка;коммерческий;BOFU;/kartochki-dlya-studentov;запланирована;P2;Нужна проверка формулировки
34;Карточки для студентов;карточки для учебы в университете;НЧ;;оценка;экспертная группировка;коммерческий;BOFU;/kartochki-dlya-studentov;запланирована;P1;Сценарии лекций и сессии
35;Интервальное повторение;интервальное повторение;ВЧ;;оценка;Яндекс Suggest 02.10.2026;информационный;TOFU;/intervalnoe-povtorenie;запланирована;P0;Основной термин
36;Интервальное повторение;интервальное повторение приложение;СЧ;;оценка;Яндекс Suggest 02.10.2026;коммерческий;BOFU;/intervalnoe-povtorenie;запланирована;P0;Главный продуктовый модификатор
37;Интервальное повторение;интервальное повторение метод запоминания;СЧ;;оценка;Яндекс Suggest 02.10.2026;информационный;MOFU;/intervalnoe-povtorenie;запланирована;P0;Объяснить механику
38;Интервальное повторение;интервальное повторение это;СЧ;;оценка;Яндекс Suggest 02.10.2026;информационный;TOFU;/intervalnoe-povtorenie;запланирована;P0;Определение в первом экране
39;Интервальное повторение;метод интервальных повторений;СЧ;;оценка;экспертная группировка;информационный;TOFU;/intervalnoe-povtorenie;запланирована;P0;Морфологическая вариация
40;Интервальное повторение;интервальное повторение схема;СЧ;;оценка;Яндекс Suggest 02.10.2026;информационный;TOFU;/intervalnoe-povtorenie;запланирована;P1;Не публиковать ложные фиксированные интервалы
41;Интервальное повторение;интервальное повторение слов;СЧ;;оценка;Яндекс Suggest 02.10.2026;информационный;MOFU;/intervalnoe-povtorenie;запланирована;P1;Связать с языковой посадочной
42;Интервальное повторение;программа интервальных повторений;НЧ;;оценка;экспертная группировка;коммерческий;BOFU;/intervalnoe-povtorenie;запланирована;P1;Показать FSRS
43;Интервальное повторение;система интервальных повторений;НЧ;;оценка;экспертная группировка;информационный;MOFU;/intervalnoe-povtorenie;запланирована;P1;Синоним
44;Интервальное повторение;fsrs алгоритм;НЧ;;оценка;экспертная группировка;информационный;TOFU;/blog/fsrs-algoritm;запланирована;P2;Техническая статья, низкий объём
45;Интервальное повторение;что такое fsrs;НЧ;;оценка;экспертная группировка;информационный;TOFU;/blog/fsrs-algoritm;запланирована;P2;Расшифровать без маркетинговых обещаний
46;Английские слова;карточки для запоминания английских слов;СЧ;;оценка;Яндекс Suggest 02.10.2026;коммерческий;BOFU;/kartochki-dlya-angliyskikh-slov;запланирована;P0;Основной запрос страницы
47;Английские слова;карточки для запоминания слов на английском;СЧ;;оценка;Яндекс Suggest 02.10.2026;смешанный;MOFU;/kartochki-dlya-angliyskikh-slov;запланирована;P0;Синоним
48;Английские слова;карточки для запоминания английских слов онлайн;СЧ;;оценка;Яндекс Suggest 02.10.2026;коммерческий;BOFU;/kartochki-dlya-angliyskikh-slov;запланирована;P0;Онлайн-интент
49;Английские слова;создать карточки для запоминания английских слов;СЧ;;оценка;Яндекс Suggest 02.10.2026;транзакционный;BOFU;/kartochki-dlya-angliyskikh-slov;запланирована;P0;Редактор с языковым примером
50;Английские слова;карточки для изучения английского языка онлайн;СЧ;;оценка;Яндекс Suggest 02.10.2026;коммерческий;BOFU;/kartochki-dlya-angliyskikh-slov;запланирована;P0;Избегать детского интента
51;Английские слова;карточки для изучения английского онлайн;СЧ;;оценка;Яндекс Suggest 02.10.2026;коммерческий;BOFU;/kartochki-dlya-angliyskikh-slov;запланирована;P1;Синоним
52;Английские слова;приложение для карточек английских слов;НЧ;;оценка;экспертная группировка;коммерческий;BOFU;/kartochki-dlya-angliyskikh-slov;запланирована;P1;Озвучка только в рамках реального продукта
53;Английские слова;карточки для изучения английского языка приложение;НЧ;;оценка;Яндекс Suggest 02.10.2026;коммерческий;BOFU;/kartochki-dlya-angliyskikh-slov;запланирована;P1;Учесть мобильный сценарий
54;Английские слова;как учить английские слова;ВЧ;;оценка;Яндекс Suggest 02.10.2026;информационный;TOFU;/blog/kak-uchit-angliyskie-slova;запланирована;P0;Пиллар языкового кластера
55;Английские слова;как учить английские слова чтобы они не забывались;СЧ;;оценка;Яндекс Suggest 02.10.2026;информационный;TOFU;/blog/kak-uchit-angliyskie-slova;запланирована;P0;Сильная проблема пользователя
56;Английские слова;как правильно учить английские слова;СЧ;;оценка;Яндекс Suggest 02.10.2026;информационный;TOFU;/blog/kak-uchit-angliyskie-slova;запланирована;P1;Вариация
57;Экзамены;карточки для подготовки к экзамену;НЧ;;оценка;экспертная группировка;коммерческий;BOFU;/podgotovka-k-ekzamenu;запланирована;P0;Основной продуктовый запрос
58;Экзамены;как подготовиться к экзамену;ВЧ;;оценка;экспертная группировка;информационный;TOFU;/blog/kak-podgotovitsya-k-ekzamenu;запланирована;P0;Пиллар экзаменационного кластера
59;Экзамены;как быстро подготовиться к экзамену;ВЧ;;оценка;Яндекс Suggest 02.10.2026;информационный;TOFU;/blog/kak-podgotovitsya-k-ekzamenu;запланирована;P0;Выдача смешана с ПДД
60;Экзамены;как подготовиться к экзамену по билетам;СЧ;;оценка;Яндекс Suggest 02.10.2026;информационный;TOFU;/blog/kak-vyuchit-bilety;существует;P0;Усилить существующую статью
61;Экзамены;как выучить билеты;ВЧ;;оценка;Яндекс Suggest 02.10.2026;информационный;TOFU;/blog/kak-vyuchit-bilety;существует;P0;Основной запрос статьи
62;Экзамены;как выучить билеты к экзамену;СЧ;;оценка;Яндекс Suggest 02.10.2026;информационный;TOFU;/blog/kak-vyuchit-bilety;существует;P0;Точный интент статьи
63;Экзамены;как выучить билеты к экзамену быстро и эффективно;СЧ;;оценка;Яндекс Suggest 02.10.2026;информационный;TOFU;/blog/kak-vyuchit-bilety;существует;P1;Без обещания результата
64;Экзамены;как выучить билеты за вечер;СЧ;;оценка;Яндекс Suggest 02.10.2026;информационный;TOFU;/blog/kak-vyuchit-bilety-za-vecher;запланирована;P1;Антикризисный материал без кликбейта
65;Экзамены;подготовка к сессии;СЧ;;оценка;Яндекс Suggest 02.10.2026;информационный;TOFU;/blog/plan-podgotovki-k-sessii;запланирована;P0;Студенческий сезонный запрос
66;Экзамены;подготовка к сессии 1 курс;НЧ;;оценка;Яндекс Suggest 02.10.2026;информационный;TOFU;/blog/plan-podgotovki-k-sessii;запланирована;P1;Подраздел про первую сессию
67;Экзамены;как подготовиться к устному экзамену;НЧ;;оценка;экспертная группировка;информационный;TOFU;/blog/kak-podgotovitsya-k-ustnomu-ekzamenu;запланирована;P1;Отдельный формат ответа
68;Экзамены;как подготовиться к письменному экзамену;НЧ;;оценка;экспертная группировка;информационный;TOFU;/blog/kak-podgotovitsya-k-pismennomu-ekzamenu;запланирована;P2;Отдельный интент
69;Конспекты;как выучить конспект;ВЧ;;оценка;Яндекс Suggest 02.10.2026;информационный;TOFU;/blog/kak-vyuchit-konspekt;существует;P0;Основной запрос статьи
70;Конспекты;как быстро выучить конспект;СЧ;;оценка;Яндекс Suggest 02.10.2026;информационный;TOFU;/blog/kak-vyuchit-konspekt;существует;P0;Не обещать «за 5 минут»
71;Конспекты;как легко выучить конспект;СЧ;;оценка;Яндекс Suggest 02.10.2026;информационный;TOFU;/blog/kak-vyuchit-konspekt;существует;P1;Вариация
72;Конспекты;как быстро выучить конспект по истории;НЧ;;оценка;Яндекс Suggest 02.10.2026;информационный;TOFU;/blog/kak-uchit-daty-po-istorii;запланирована;P2;Предметный интент
73;Конспекты;как быстро выучить конспект по биологии;НЧ;;оценка;Яндекс Suggest 02.10.2026;информационный;TOFU;/blog/kak-uchit-terminy-po-biologii;запланирована;P2;Предметный интент
74;Конспекты;как работать с конспектом;НЧ;;оценка;экспертная группировка;информационный;TOFU;/blog/kak-rabotat-s-konspektom;запланирована;P1;До создания карточек
75;Создание карточек — блог;как создать карточки для запоминания;СЧ;;оценка;экспертная группировка;информационный;MOFU;/blog/kak-sozdat-kartochki;существует;P0;Существующая инструкция
76;Создание карточек — блог;как составлять карточки для запоминания;НЧ;;оценка;экспертная группировка;информационный;MOFU;/blog/kak-sozdat-kartochki;существует;P0;Усилить термином в тексте
77;Создание карточек — блог;как сделать карточки для запоминания;НЧ;;оценка;экспертная группировка;информационный;MOFU;/blog/kak-sozdat-kartochki;существует;P1;Синоним
78;Создание карточек — блог;правила создания учебных карточек;НЧ;;оценка;экспертная группировка;информационный;MOFU;/blog/kak-sozdat-kartochki;существует;P1;Добавить чек-лист
79;Создание карточек — блог;ошибки в карточках для запоминания;НЧ;;оценка;экспертная группировка;информационный;TOFU;/blog/oshibki-v-uchebnyh-kartochkah;запланирована;P1;Самостоятельная статья
80;Создание карточек — блог;один вопрос одна карточка;НЧ;;оценка;экспертная группировка;информационный;TOFU;/blog/oshibki-v-uchebnyh-kartochkah;запланирована;P2;Тезис кластера
81;Запоминание;как запоминать информацию;ВЧ;;оценка;Яндекс Suggest 02.10.2026;информационный;TOFU;/blog/kak-zapominat-informatsiyu;запланирована;P0;Главный информационный пиллар
82;Запоминание;как запоминать информацию быстро и надолго;ВЧ;;оценка;Яндекс Suggest 02.10.2026;информационный;TOFU;/blog/kak-zapominat-informatsiyu;запланирована;P0;Нужны аккуратные обещания
83;Запоминание;как запоминать информацию студенту;СЧ;;оценка;Яндекс Suggest 02.10.2026;информационный;TOFU;/blog/kak-zapominat-informatsiyu;запланирована;P0;Целевая аудитория
84;Запоминание;методы запоминания информации;ВЧ;;оценка;Яндекс Suggest 02.10.2026;информационный;TOFU;/blog/metody-zapominaniya-informatsii;запланирована;P0;Обзорный материал
85;Запоминание;методы запоминания информации для студентов;СЧ;;оценка;Яндекс Suggest 02.10.2026;информационный;TOFU;/blog/metody-zapominaniya-informatsii;запланирована;P0;Целевой модификатор
86;Запоминание;методы запоминания больших объемов информации;СЧ;;оценка;Яндекс Suggest 02.10.2026;информационный;TOFU;/blog/kak-vyuchit-bolshoy-obem-informatsii;запланирована;P1;Отдельный сценарий
87;Запоминание;как повторять материал чтобы запомнить надолго;СЧ;;оценка;Яндекс Suggest 02.10.2026;информационный;TOFU;/blog/kak-povtoryat-material;запланирована;P0;Связать с интервальной посадочной
88;Запоминание;как правильно повторять изученный материал;НЧ;;оценка;Яндекс Suggest 02.10.2026;информационный;TOFU;/blog/kak-povtoryat-material;запланирована;P1;Вариация
89;Запоминание;активное вспоминание;НЧ;;оценка;Яндекс Suggest 02.10.2026;информационный;TOFU;/blog/aktivnoe-vspominanie;запланирована;P1;В подсказке встречается ошибочное «воспоминание»
90;Запоминание;активное припоминание;НЧ;;оценка;экспертная группировка;информационный;TOFU;/blog/aktivnoe-vspominanie;запланирована;P1;Термин из исследований
91;Запоминание;практика извлечения из памяти;НЧ;;оценка;экспертная группировка;информационный;TOFU;/blog/aktivnoe-vspominanie;запланирована;P2;Научный синоним
92;Запоминание;кривая забывания;СЧ;;оценка;экспертная группировка;информационный;TOFU;/blog/krivaya-zabyvaniya;запланирована;P1;Нужны первичные источники
93;Запоминание;метод лейтнера;СЧ;;оценка;экспертная группировка;информационный;TOFU;/blog/metod-leytnera;запланирована;P1;Сравнить с FSRS без ложной точности
94;Запоминание;как выучить определения;НЧ;;оценка;экспертная группировка;информационный;TOFU;/blog/kak-vyuchit-opredeleniya;запланирована;P1;Хорошо подходит карточкам
95;Запоминание;как запомнить формулы;СЧ;;оценка;экспертная группировка;информационный;TOFU;/blog/kak-zapomnit-formuly;запланирована;P1;Карточки плюс задачи
96;Запоминание;как запомнить даты по истории;НЧ;;оценка;экспертная группировка;информационный;TOFU;/blog/kak-uchit-daty-po-istorii;запланирована;P1;Карточки плюс хронология
97;Альтернатива Quizlet;аналог quizlet;СЧ;;оценка;Яндекс Suggest 02.10.2026;коммерческий;BOFU;/analog-quizlet;запланирована;P0;Сравнивать только проверенные функции
98;Альтернатива Quizlet;аналог quizlet бесплатный;СЧ;;оценка;Яндекс Suggest 02.10.2026;коммерческий;BOFU;/analog-quizlet;запланирована;P0;Высокий конверсионный интент
99;Альтернатива Quizlet;бесплатный аналог quizlet;СЧ;;оценка;Яндекс Suggest 02.10.2026;коммерческий;BOFU;/analog-quizlet;запланирована;P0;Перестановка слов
100;Альтернатива Quizlet;российский аналог quizlet;СЧ;;оценка;Яндекс Suggest 02.10.2026;коммерческий;BOFU;/analog-quizlet;запланирована;P0;Сильное позиционирование РФ
101;Альтернатива Quizlet;аналоги quizlet российские;НЧ;;оценка;Яндекс Suggest 02.10.2026;коммерческий;BOFU;/analog-quizlet;запланирована;P1;Обзор выдачи без выдуманных сравнений
102;Альтернатива Quizlet;quizlet аналог;НЧ;;оценка;Яндекс Suggest 02.10.2026;коммерческий;BOFU;/analog-quizlet;запланирована;P1;Синоним
103;Альтернатива Quizlet;anki или quizlet что лучше;СЧ;;оценка;Яндекс Suggest 02.10.2026;сравнительный;MOFU;/blog/anki-ili-quizlet;запланирована;P1;Обновлять при изменении продуктов
104;Альтернатива Quizlet;quizlet или anki что лучше;НЧ;;оценка;Яндекс Suggest 02.10.2026;сравнительный;MOFU;/blog/anki-ili-quizlet;запланирована;P1;Вариация
105;Импорт Anki;импорт anki;НЧ;;оценка;экспертная группировка;транзакционный;BOFU;/import-anki;запланирована;P1;Показать поддерживаемые форматы
106;Импорт Anki;импорт карточек anki;НЧ;;оценка;экспертная группировка;транзакционный;BOFU;/import-anki;запланирована;P1;Не обещать аудиовложения
107;Импорт Anki;перенести карточки из anki;НЧ;;оценка;экспертная группировка;транзакционный;BOFU;/import-anki;запланирована;P1;Пошаговая инструкция
108;Импорт Anki;как импортировать карточки anki;НЧ;;оценка;экспертная группировка;информационный;MOFU;/import-anki;запланирована;P1;Инструкция на посадочной
109;Каталог;готовые карточки для учебы;СЧ;;оценка;экспертная группировка;коммерческий;BOFU;/kursy;существует;P1;Каталог должен показывать реальные материалы
110;Каталог;готовые наборы карточек;НЧ;;оценка;экспертная группировка;коммерческий;BOFU;/kursy;существует;P1;Не создавать пустые категории
111;Каталог;курсы с карточками;НЧ;;оценка;экспертная группировка;коммерческий;BOFU;/kursy;существует;P2;Уникальное устройство Remora
112;Каталог;карточки по анатомии;СЧ;;оценка;экспертная группировка;коммерческий;BOFU;/kursy?q=анатомия;существует;P1;После страниц тегов перенести на индексируемый URL
113;Каталог;карточки по истории;СЧ;;оценка;экспертная группировка;коммерческий;BOFU;/kursy?q=история;существует;P1;Фильтр сейчас noindex
114;Каталог;карточки по программированию;НЧ;;оценка;экспертная группировка;коммерческий;BOFU;/kursy?q=программирование;существует;P2;Нужна отдельная страница тега после наполнения
